sample_idx,point_type,perplexity,ppl_score,nearest_persona_sim,nearest_persona,probe_confidence,coherence,trait_dist_to_nearest,generated_text,alpha_honesty,alpha_assertiveness,alpha_warmth,alpha_deference,alpha_analytical_rigor,alpha_humor,alpha_suspicion,alpha_impulsivity
0,known,1.4149969816207886,0.7423202894635643,0.668566107749939,assistant,0.592393863020768,0.6677600867447572,0.0,"Eclipses occur when one celestial body passes into the shadow of another. There are two main types of eclipses: solar eclipses and lunar eclipses.

**Solar Eclipses:**

A solar eclipse occurs when the",0.800000011920929,0.20000000298023224,0.5,0.699999988079071,0.6000000238418579,0.0,-0.30000001192092896,-0.5
1,known,1.4436839818954468,0.7314228645357332,0.640627384185791,assistant,0.5724285169825446,0.648159588568023,0.0,"Eclipses occur when one celestial body passes in front of another, blocking the light from the background object. There are two main types of eclipses: solar eclipses and lunar eclipses.

**Solar Ecli",0.10000000149011612,0.800000011920929,-0.10000000149011612,-0.800000011920929,-0.5,0.6000000238418579,0.30000001192092896,0.8999999761581421
2,known,1.4005420207977295,0.7480218639931967,0.6691948175430298,assistant,0.5865659350036758,0.6679275388466341,0.0,"Eclipses occur when one celestial body passes through the shadow of another. There are two main types of eclipses: solar eclipses and lunar eclipses.

**Solar Eclipses:**

A solar eclipse occurs when ",0.5,0.5,-0.30000001192092896,0.6000000238418579,0.8999999761581421,-0.6000000238418579,0.4000000059604645,-0.800000011920929
3,known,1.4005420207977295,0.7480218639931967,0.6695069074630737,assistant,0.58995752277026,0.6691620980755101,0.0,"Eclipses occur when one celestial body passes through the shadow of another. There are two main types of eclipses: solar eclipses and lunar eclipses.

**Solar Eclipses:**

A solar eclipse occurs when ",0.8999999761581421,0.30000001192092896,-0.10000000149011612,0.4000000059604645,1.0,-0.4000000059604645,0.20000000298023224,-0.699999988079071
4,known,1.54994797706604,0.6953032563808226,0.6456614136695862,assistant,0.5759098670521053,0.6389581790341714,0.0,"Eclipses occur when one celestial body passes in front of another, blocking the light from the background object. There are two main types of eclipses: solar eclipses and lunar eclipses.

**Solar Ecli",0.20000000298023224,0.5,0.4000000059604645,-0.30000001192092896,-0.4000000059604645,1.0,-0.10000000149011612,0.699999988079071
5,known,1.4005420207977295,0.7480218639931967,0.6678855419158936,assistant,0.5889046621629267,0.6682706893573389,0.0,"Eclipses occur when one celestial body passes through the shadow of another. There are two main types of eclipses: solar eclipses and lunar eclipses.

**Solar Eclipses:**

A solar eclipse occurs when ",0.699999988079071,0.4000000059604645,-0.5,0.10000000149011612,0.6000000238418579,-0.800000011920929,0.10000000149011612,-0.8999999761581421
6,known,1.54994797706604,0.6953032563808226,0.6398247480392456,assistant,0.5621015124559632,0.6324098389586771,0.0,"Eclipses occur when one celestial body passes in front of another, blocking the light from the background object. There are two main types of eclipses: solar eclipses and lunar eclipses.

**Solar Ecli",-0.6000000238418579,0.699999988079071,-0.20000000298023224,-0.5,-0.6000000238418579,0.30000001192092896,1.0,0.6000000238418579
7,known,1.4149969816207886,0.7423202894635643,0.6663621664047241,assistant,0.5917176471373362,0.6668000343352082,0.0,"Eclipses occur when one celestial body passes into the shadow of another. There are two main types of eclipses: solar eclipses and lunar eclipses.

**Solar Eclipses:**

A solar eclipse occurs when the",0.699999988079071,0.10000000149011612,1.0,0.699999988079071,0.4000000059604645,0.30000001192092896,-0.6000000238418579,-0.30000001192092896
8,known,1.4005420207977295,0.7480218639931967,0.6502035856246948,assistant,0.5830521197731781,0.6604258564636898,0.0,"Eclipses occur when one celestial body passes through the shadow of another. There are two main types of eclipses: solar eclipses and lunar eclipses.

**Solar Eclipses:**

A solar eclipse occurs when ",0.5,1.0,-0.800000011920929,-0.699999988079071,0.20000000298023224,-0.30000001192092896,0.5,0.6000000238418579
9,known,1.5249227285385132,0.7032627048437328,0.6679345369338989,assistant,0.5829456162067024,0.6513809526614447,0.0,"Eclipses occur when one celestial body passes into the shadow of another. There are two main types of eclipses: solar eclipses and lunar eclipses.

**Solar Eclipses:**

A solar eclipse occurs when the",0.30000001192092896,-0.20000000298023224,0.699999988079071,0.8999999761581421,0.5,0.10000000149011612,0.20000000298023224,-0.800000011920929
10,interpolation,1.4005420207977295,0.7480218639931967,0.669511079788208,assistant,0.5899423265648925,0.6691584234487657,0.0013737749541178346,"Eclipses occur when one celestial body passes through the shadow of another. There are two main types of eclipses: solar eclipses and lunar eclipses.

**Solar Eclipses:**

A solar eclipse occurs when ",0.8994185924530029,0.2995155155658722,-0.09922479838132858,0.40048450231552124,0.9995155334472656,-0.3995155096054077,0.20000000298023224,-0.7000969052314758
11,interpolation,1.4005420207977295,0.7480218639931967,0.6691595315933228,assistant,0.5897901982565767,0.668990531281032,0.04738212004303932,"Eclipses occur when one celestial body passes through the shadow of another. There are two main types of eclipses: solar eclipses and lunar eclipses.

**Solar Eclipses:**

A solar eclipse occurs when ",0.8876733779907227,0.30352190136909485,-0.09119528532028198,0.38767340779304504,0.9753468036651611,-0.3753468096256256,0.1947171688079834,-0.6753467917442322
12,interpolation,1.4005420207977295,0.7480218639931967,0.6547855734825134,assistant,0.5849171393785633,0.6625748589514244,0.4836668372154236,"Eclipses occur when one celestial body passes through the shadow of another. There are two main types of eclipses: solar eclipses and lunar eclipses.

**Solar Eclipses:**

A solar eclipse occurs when ",0.5486718416213989,0.8539844751358032,-0.7269922494888306,-0.5053126215934753,0.2973436713218689,-0.42167961597442627,0.40265631675720215,0.23496124148368835
13,interpolation,1.4005420207977295,0.7480218639931967,0.6691983342170715,assistant,0.5866446122737127,0.6679549368279937,0.014009950682520866,"Eclipses occur when one celestial body passes through the shadow of another. There are two main types of eclipses: solar eclipses and lunar eclipses.

**Solar Eclipses:**

A solar eclipse occurs when ",0.5090908408164978,0.4954545795917511,-0.29545459151268005,0.5954545736312866,0.9022727012634277,-0.5954545736312866,0.3954545855522156,-0.7977272868156433
14,interpolation,1.4149969816207886,0.7423202894635643,0.667892575263977,assistant,0.5905553506560891,0.6669227384612103,0.25357457995414734,"Eclipses occur when one celestial body passes into the shadow of another. There are two main types of eclipses: solar eclipses and lunar eclipses.

**Solar Eclipses:**

A solar eclipse occurs when the",0.6156218647956848,0.26875627040863037,0.4515421986579895,0.6578109264373779,0.6109453439712524,-0.07970157265663147,-0.17810939252376556,-0.5109453201293945
15,interpolation,1.4149969816207886,0.7423202894635643,0.6573011875152588,assistant,0.5805036796708998,0.6600417188832409,1.1340408325195312,"Eclipses occur when one celestial body passes into the shadow of another. There are two main types of eclipses: solar eclipses and lunar eclipses.

**Solar Eclipses:**

A solar eclipse occurs when the",0.24834264814853668,0.1616014838218689,0.5450279116630554,0.280111700296402,0.03508378565311432,0.56491619348526,0.045027926564216614,-0.025139659643173218
16,interpolation,1.5249227285385132,0.7032627048437328,0.6683940887451172,assistant,0.5841776653398352,0.6519448196428951,0.2100723832845688,"Eclipses occur when one celestial body passes into the shadow of another. There are two main types of eclipses: solar eclipses and lunar eclipses.

**Solar Eclipses:**

A solar eclipse occurs when the",0.3889041543006897,-0.12591318786144257,0.5814610719680786,0.82591313123703,0.5740867853164673,0.025913190096616745,0.20000000298023224,-0.7851825952529907
17,interpolation,1.4436839818954468,0.7314228645357332,0.6401861906051636,assistant,0.5655101543020878,0.6457064031476615,0.3747936189174652,"Eclipses occur when one celestial body passes in front of another, blocking the light from the background object. There are two main types of eclipses: solar eclipses and lunar eclipses.

**Solar Ecli",-0.3681083023548126,0.7331273555755615,-0.16687262058258057,-0.5993821620941162,-0.5668725967407227,0.39938217401504517,0.7681083083152771,0.6993821859359741
18,interpolation,1.4807376861572266,0.7181120202065294,0.6408441066741943,assistant,0.5631570039875926,0.6407043769561055,0.09461624920368195,"Eclipses occur when one celestial body passes in front of another, blocking the light from the background object. There are two main types of eclipses: solar eclipses and lunar eclipses.

**Solar Ecli",-0.5596663355827332,0.6813844442367554,-0.16276894509792328,-0.46276894211769104,-0.5689741373062134,0.30000001192092896,0.9503585696220398,0.5720767378807068
19,interpolation,1.4005420207977295,0.7480218639931967,0.6694750189781189,assistant,0.5895734808652751,0.6690234546121969,0.08499371260404587,"Eclipses occur when one celestial body passes through the shadow of another. There are two main types of eclipses: solar eclipses and lunar eclipses.

**Solar Eclipses:**

A solar eclipse occurs when ",0.8640300035476685,0.2700250446796417,-0.052040062844753265,0.4299749732017517,0.9700250029563904,-0.37002503871917725,0.20000000298023224,-0.7059949636459351
20,interpolation,1.4149969816207886,0.7423202894635643,0.6675176620483398,assistant,0.5922413624165531,0.6673597713094859,0.36003378033638,"Eclipses occur when one celestial body passes into the shadow of another. There are two main types of eclipses: solar eclipses and lunar eclipses.

**Solar Eclipses:**

A solar eclipse occurs when the",0.7494544982910156,0.14945444464683533,0.7527278065681458,0.7000000476837158,0.4989089369773865,0.15163668990135193,-0.45163673162460327,-0.39890891313552856
21,interpolation,1.4005420207977295,0.7480218639931967,0.6500771045684814,assistant,0.5829979206042094,0.6603656297219626,0.03806652873754501,"Eclipses occur when one celestial body passes through the shadow of another. There are two main types of eclipses: solar eclipses and lunar eclipses.

**Solar Eclipses:**

A solar eclipse occurs when ",0.4945308268070221,0.9908847212791443,-0.7781233787536621,-0.6927077770233154,0.18906165659427643,-0.27630025148391724,0.4890616536140442,0.601823091506958
22,interpolation,1.4149969816207886,0.7423202894635643,0.6685411334037781,assistant,0.592322294659859,0.6677279058424004,0.13751637935638428,"Eclipses occur when one celestial body passes into the shadow of another. There are two main types of eclipses: solar eclipses and lunar eclipses.

**Solar Eclipses:**

A solar eclipse occurs when the",0.791067361831665,0.21786528825759888,0.41067349910736084,0.6464040875434875,0.6000000238418579,-0.07146117836236954,-0.2642694115638733,-0.5357306003570557
23,interpolation,1.4005420207977295,0.7480218639931967,0.6509228348731995,assistant,0.5831473220846377,0.6606973403170113,0.10698102414608002,"Eclipses occur when one celestial body passes through the shadow of another. There are two main types of eclipses: solar eclipses and lunar eclipses.

**Solar Eclipses:**

A solar eclipse occurs when ",0.4926997125148773,0.9561982154846191,-0.7452478408813477,-0.6415976881980896,0.21095043420791626,-0.2853994071483612,0.4890495538711548,0.5488979816436768
24,interpolation,1.4807376861572266,0.7181120202065294,0.6595079898834229,assistant,0.577333060507448,0.6516510235324667,0.9601910710334778,"Eclipses occur when one celestial body passes in front of another, blocking the light from the background object. There are two main types of eclipses: solar eclipses and lunar eclipses.

**Solar Ecli",-0.001048550009727478,0.101048544049263,0.3989514112472534,0.431702196598053,0.1320517659187317,0.1668996810913086,0.46759867668151855,-0.33170223236083984
25,interpolation,1.4005420207977295,0.7480218639931967,0.6622560024261475,assistant,0.5869269774849624,0.6657349479681022,0.8249938488006592,"Eclipses occur when one celestial body passes through the shadow of another. There are two main types of eclipses: solar eclipses and lunar eclipses.

**Solar Eclipses:**

A solar eclipse occurs when ",0.6688138246536255,0.4444913864135742,-0.10000000149011612,0.053220704197883606,0.5665258765220642,-0.11101724207401276,0.228898286819458,-0.23762759566307068
26,interpolation,1.4005420207977295,0.7480218639931967,0.668105959892273,assistant,0.5899025756265169,0.6686767998373289,0.3298400640487671,"Eclipses occur when one celestial body passes through the shadow of another. There are two main types of eclipses: solar eclipses and lunar eclipses.

**Solar Eclipses:**

A solar eclipse occurs when ",0.7214254140853882,0.3571491837501526,-0.28574585914611816,0.22855249047279358,0.6000000238418579,-0.6285967230796814,0.014298342168331146,-0.8142983317375183
27,interpolation,1.4005420207977295,0.7480218639931967,0.6694112420082092,assistant,0.589531254009923,0.6689881200037763,0.08836359530687332,"Eclipses occur when one celestial body passes through the shadow of another. There are two main types of eclipses: solar eclipses and lunar eclipses.

**Solar Eclipses:**

A solar eclipse occurs when ",0.8426620960235596,0.3286689519882202,-0.12866893410682678,0.42866894602775574,0.9856655597686768,-0.42866894602775574,0.2286689430475235,-0.7143344283103943
28,interpolation,1.4436839818954468,0.7314228645357332,0.6443226337432861,assistant,0.5753977581309814,0.6503810854700002,0.30623510479927063,"Eclipses occur when one celestial body passes in front of another, blocking the light from the background object. There are two main types of eclipses: solar eclipses and lunar eclipses.

**Solar Ecli",0.17906954884529114,0.7322260737419128,-0.032226093113422394,-0.6305652260780334,-0.37574782967567444,0.5322260856628418,0.23222608864307404,0.7418608665466309
29,interpolation,1.4005420207977295,0.7480218639931967,0.6691024303436279,assistant,0.5871932600289593,0.6681058514552612,0.13057772815227509,"Eclipses occur when one celestial body passes through the shadow of another. There are two main types of eclipses: solar eclipses and lunar eclipses.

**Solar Eclipses:**

A solar eclipse occurs when ",0.5127279162406921,0.47454410791397095,-0.2172684222459793,0.6063640117645264,0.8681801557540894,-0.5427243113517761,0.33636030554771423,-0.7681801319122314
30,interpolation,1.4005420207977295,0.7480218639931967,0.6513832807540894,assistant,0.5805454706321785,0.6599835384598215,0.9794110655784607,"Eclipses occur when one celestial body passes through the shadow of another. There are two main types of eclipses: solar eclipses and lunar eclipses.

**Solar Eclipses:**

A solar eclipse occurs when ",0.3115558922290802,0.6589627265930176,-0.2410372793674469,-0.48266613483428955,-0.1121474951505661,0.10636955499649048,0.22948136925697327,0.26533225178718567
31,interpolation,1.54994797706604,0.6953032563808226,0.6471133828163147,assistant,0.5770947768252539,0.6398371386741304,0.1511560082435608,"Eclipses occur when one celestial body passes in front of another, blocking the light from the background object. There are two main types of eclipses: solar eclipses and lunar eclipses.

**Solar Ecli",0.22660471498966217,0.4946790635585785,0.3521115183830261,-0.27871623635292053,-0.3467905521392822,0.9042230248451233,-0.08935811370611191,0.6148648858070374
32,interpolation,1.4149969816207886,0.7423202894635643,0.6664427518844604,assistant,0.591465397520188,0.666742812956071,0.044125426560640335,"Eclipses occur when one celestial body passes into the shadow of another. There are two main types of eclipses: solar eclipses and lunar eclipses.

**Solar Eclipses:**

A solar eclipse occurs when the",0.6846374869346619,0.08847812563180923,0.9884781241416931,0.7076812386512756,0.4038406312465668,0.29231876134872437,-0.5692750215530396,-0.31920313835144043
33,interpolation,1.54994797706604,0.6953032563808226,0.6504942178726196,assistant,0.5800050501320914,0.6419341747951778,0.4108448326587677,"Eclipses occur when one celestial body passes in front of another, blocking the light from the background object. There are two main types of eclipses: solar eclipses and lunar eclipses.

**Solar Ecli",0.3109086751937866,0.4445456564426422,0.41848477721214294,-0.11515218019485474,-0.21515217423439026,0.8151521682739258,-0.13696956634521484,0.4781826138496399
34,interpolation,1.4436839818954468,0.7314228645357332,0.6406059265136719,assistant,0.5719007064317266,0.6479764991603773,0.061231620609760284,"Eclipses occur when one celestial body passes in front of another, blocking the light from the background object. There are two main types of eclipses: solar eclipses and lunar eclipses.

**Solar Ecli",0.062114864587783813,0.7945878505706787,-0.10541216284036636,-0.7837635278701782,-0.5054121613502502,0.5837635397911072,0.33788514137268066,0.8837634921073914
35,interpolation,1.4807376861572266,0.7181120202065294,0.6423501968383789,assistant,0.5645485258328947,0.6416702476259344,0.1975497603416443,"Eclipses occur when one celestial body passes in front of another, blocking the light from the background object. There are two main types of eclipses: solar eclipses and lunar eclipses.

**Solar Ecli",-0.5224406719207764,0.6858983039855957,-0.2070508599281311,-0.4224405884742737,-0.4942372441291809,0.23654232919216156,0.9576948881149292,0.5012880563735962
36,interpolation,1.4436839818954468,0.7314228645357332,0.6464906930923462,assistant,0.5772041263687576,0.6517058946656124,0.26489391922950745,"Eclipses occur when one celestial body passes in front of another, blocking the light from the background object. There are two main types of eclipses: solar eclipses and lunar eclipses.

**Solar Ecli",0.23805835843086243,0.5634305477142334,0.24776658415794373,-0.35074448585510254,-0.3238832950592041,0.8350804448127747,-0.023883290588855743,0.6873137950897217
37,interpolation,1.4149969816207886,0.7423202894635643,0.6693800687789917,assistant,0.5886845760834726,0.6667949781086762,0.3180330991744995,"Eclipses occur when one celestial body passes into the shadow of another. There are two main types of eclipses: solar eclipses and lunar eclipses.

**Solar Eclipses:**

A solar eclipse occurs when the",0.7654060125350952,0.1878383755683899,0.07945858687162399,0.5121616125106812,0.8878383636474609,-0.2878383696079254,0.20000000298023224,-0.7224323153495789
38,interpolation,1.4005420207977295,0.7480218639931967,0.6460208892822266,assistant,0.5745775143260593,0.6562067558671608,0.7561947703361511,"Eclipses occur when one celestial body passes through the shadow of another. There are two main types of eclipses: solar eclipses and lunar eclipses.

**Solar Eclipses:**

A solar eclipse occurs when ",0.015699028968811035,0.8679179549217224,-0.535835862159729,-0.6119452714920044,-0.15221889317035675,-0.03583584725856781,0.720136821269989,0.6000000238418579
39,interpolation,1.5249227285385132,0.7032627048437328,0.6671863794326782,assistant,0.5880743279399073,0.6528411374054395,0.5036099553108215,"Eclipses occur when one celestial body passes into the shadow of another. There are two main types of eclipses: solar eclipses and lunar eclipses.

**Solar Eclipses:**

A solar eclipse occurs when the",0.5246655344963074,-0.031500861048698425,0.8684991598129272,0.7876672148704529,0.4438336193561554,0.21233275532722473,-0.2493310421705246,-0.5191681385040283
40,interpolation,1.4005420207977295,0.7480218639931967,0.6653760671615601,assistant,0.5883759595057912,0.667257963553516,0.3026663064956665,"Eclipses occur when one celestial body passes through the shadow of another. There are two main types of eclipses: solar eclipses and lunar eclipses.

**Solar Eclipses:**

A solar eclipse occurs when ",0.6695423722267151,0.4913727641105652,-0.5456863641738892,-0.021830350160598755,0.5390848517417908,-0.7238560318946838,0.16091518104076385,-0.6715680360794067
41,interpolation,1.4005420207977295,0.7480218639931967,0.6690627336502075,assistant,0.5863343848865519,0.6678063275099854,0.18649180233478546,"Eclipses occur when one celestial body passes through the shadow of another. There are two main types of eclipses: solar eclipses and lunar eclipses.

**Solar Eclipses:**

A solar eclipse occurs when ",0.475459486246109,0.41410818696022034,-0.1772974133491516,0.6368107795715332,0.8509189486503601,-0.5141081809997559,0.3754594922065735,-0.8000000715255737
42,interpolation,1.54994797706604,0.6953032563808226,0.6400858759880066,assistant,0.5624732496419426,0.6326207940035905,0.02950921282172203,"Eclipses occur when one celestial body passes in front of another, blocking the light from the background object. There are two main types of eclipses: solar eclipses and lunar eclipses.

**Solar Ecli",-0.5811010003089905,0.7051542401313782,-0.21030853688716888,-0.5034361481666565,-0.5862552523612976,0.2896914482116699,0.9914095401763916,0.6000000238418579
43,interpolation,1.4436839818954468,0.7314228645357332,0.640312910079956,assistant,0.5691782120555426,0.6469713288904106,0.35818037390708923,"Eclipses occur when one celestial body passes in front of another, blocking the light from the background object. There are two main types of eclipses: solar eclipses and lunar eclipses.

**Solar Ecli",-0.1216128021478653,0.768341064453125,-0.13165897130966187,-0.7050231099128723,-0.5316590070724487,0.5050231218338013,0.521612823009491,0.8050230741500854
44,interpolation,1.5249227285385132,0.7032627048437328,0.6681118011474609,assistant,0.5839207016904321,0.6517650692272086,0.09090081602334976,"Eclipses occur when one celestial body passes into the shadow of another. There are two main types of eclipses: solar eclipses and lunar eclipses.

**Solar Eclipses:**

A solar eclipse occurs when the",0.3492978811264038,-0.1605616956949234,0.6802808046340942,0.8802807927131653,0.509859561920166,0.09014042466878891,0.1507021188735962,-0.7704212665557861
45,interpolation,1.4005420207977295,0.7480218639931967,0.6669245958328247,assistant,0.5863655177620752,0.6671039925293655,0.3228957951068878,"Eclipses occur when one celestial body passes through the shadow of another. There are two main types of eclipses: solar eclipses and lunar eclipses.

**Solar Eclipses:**

A solar eclipse occurs when ",0.4660475254058838,0.5,-0.22077757120132446,0.4981426000595093,0.7528725862503052,-0.4189201593399048,0.3434125483036041,-0.6302376389503479
46,interpolation,1.4149969816207886,0.7423202894635643,0.6647623777389526,assistant,0.5862801178906516,0.6644542616977228,0.5554271936416626,"Eclipses occur when one celestial body passes into the shadow of another. There are two main types of eclipses: solar eclipses and lunar eclipses.

**Solar Eclipses:**

A solar eclipse occurs when the",0.6160663366317749,0.37571561336517334,-0.11892890930175781,0.22963982820510864,0.6971374750137329,-0.2674976587295532,0.3514312505722046,-0.45392414927482605
47,interpolation,1.4149969816207886,0.7423202894635643,0.6660869121551514,assistant,0.5908197498666411,0.6664089838284523,0.2845529615879059,"Eclipses occur when one celestial body passes into the shadow of another. There are two main types of eclipses: solar eclipses and lunar eclipses.

**Solar Eclipses:**

A solar eclipse occurs when the",0.7265287637710571,0.26297539472579956,0.43702462315559387,0.5425615906715393,0.48454520106315613,0.06297537684440613,-0.23702464997768402,-0.35305747389793396
48,interpolation,1.4149969816207886,0.7423202894635643,0.6611780524253845,assistant,0.589543463162184,0.6643472683503776,0.8542885780334473,"Eclipses occur when one celestial body passes into the shadow of another. There are two main types of eclipses: solar eclipses and lunar eclipses.

**Solar Eclipses:**

A solar eclipse occurs when the",0.6274835467338562,0.4263240396976471,0.34735190868377686,0.19238483905792236,0.32748353481292725,0.08245065063238144,-0.2011595368385315,0.026324033737182617
49,interpolation,1.4436839818954468,0.7314228645357332,0.647294282913208,assistant,0.5787450499275268,0.6524873991254894,0.58525550365448,"Eclipses occur when one celestial body passes in front of another, blocking the light from the background object. There are two main types of eclipses: solar eclipses and lunar eclipses.

**Solar Ecli",0.2840859889984131,0.6401432752609253,0.06365615129470825,-0.41211462020874023,-0.23182809352874756,0.6356275081634521,0.068171925842762,0.671971321105957
50,interpolation,1.4005420207977295,0.7480218639931967,0.667823851108551,assistant,0.5896098312354494,0.668485182112399,0.22981958091259003,"Eclipses occur when one celestial body passes through the shadow of another. There are two main types of eclipses: solar eclipses and lunar eclipses.

**Solar Eclipses:**

A solar eclipse occurs when ",0.699999988079071,0.3685306906700134,-0.3426532745361328,0.1629386842250824,0.5790204405784607,-0.6846124529838562,0.02657153457403183,-0.8370612859725952
51,interpolation,1.4807376861572266,0.7181120202065294,0.6401142477989197,assistant,0.5623602806728825,0.6401955162261105,0.024404412135481834,"Eclipses occur when one celestial body passes in front of another, blocking the light from the background object. There are two main types of eclipses: solar eclipses and lunar eclipses.

**Solar Ecli",-0.5895967483520508,0.6951984763145447,-0.1903969645500183,-0.49039697647094727,-0.591997504234314,0.30000001192092896,0.9871959686279297,0.5927977561950684
52,interpolation,1.4005420207977295,0.7480218639931967,0.6679632067680359,assistant,0.5887843461061475,0.6682564722891268,0.04006226733326912,"Eclipses occur when one celestial body passes through the shadow of another. There are two main types of eclipses: solar eclipses and lunar eclipses.

**Solar Eclipses:**

A solar eclipse occurs when ",0.6913599371910095,0.3870399296283722,-0.47407984733581543,0.11728010326623917,0.5978400111198425,-0.7805598974227905,0.1021600142121315,-0.8978399634361267
53,interpolation,1.4005420207977295,0.7480218639931967,0.6682676076889038,assistant,0.5896722003023789,0.6686538906614931,0.18470987677574158,"Eclipses occur when one celestial body passes through the shadow of another. There are two main types of eclipses: solar eclipses and lunar eclipses.

**Solar Eclipses:**

A solar eclipse occurs when ",0.8519471287727356,0.3137294054031372,-0.06567655503749847,0.35194718837738037,0.9038943648338318,-0.30389437079429626,0.17940594255924225,-0.6038943529129028
54,interpolation,1.4005420207977295,0.7480218639931967,0.6665713787078857,assistant,0.5887694293995037,0.667787557366862,0.1585911065340042,"Eclipses occur when one celestial body passes through the shadow of another. There are two main types of eclipses: solar eclipses and lunar eclipses.

**Solar Eclipses:**

A solar eclipse occurs when ",0.6840408444404602,0.44787752628326416,-0.523938775062561,0.036163318902254105,0.5680816769599915,-0.7601020932197571,0.13191834092140198,-0.7803062200546265
55,interpolation,1.4149969816207886,0.7423202894635643,0.6683505177497864,assistant,0.5881298726469582,0.6662668932867696,0.42084383964538574,"Eclipses occur when one celestial body passes into the shadow of another. There are two main types of eclipses: solar eclipses and lunar eclipses.

**Solar Eclipses:**

A solar eclipse occurs when the",0.5717654228210449,0.017412304878234863,0.5912938117980957,0.7912938594818115,0.5543531179428101,0.045646924525499344,-0.07176538556814194,-0.6369407773017883
56,interpolation,1.5249227285385132,0.7032627048437328,0.6681073904037476,assistant,0.5838616128559411,0.6517439027011405,0.24404291808605194,"Eclipses occur when one celestial body passes into the shadow of another. There are two main types of eclipses: solar eclipses and lunar eclipses.

**Solar Eclipses:**

A solar eclipse occurs when the",0.35263165831565857,-0.12105253338813782,0.5421050190925598,0.7947366833686829,0.5131579041481018,-0.018421202898025513,0.18684208393096924,-0.8131579160690308
57,interpolation,1.5249227285385132,0.7032627048437328,0.6678270697593689,assistant,0.5842712701858763,0.6517870149296593,0.16246914863586426,"Eclipses occur when one celestial body passes into the shadow of another. There are two main types of eclipses: solar eclipses and lunar eclipses.

**Solar Eclipses:**

A solar eclipse occurs when the",0.3565644919872284,-0.15757662057876587,0.7424232959747314,0.8717176914215088,0.48585885763168335,0.12828224897384644,0.08687101304531097,-0.7292943596839905
58,interpolation,1.4005420207977295,0.7480218639931967,0.6576052308082581,assistant,0.5837285021467815,0.6631185323160788,1.1225519180297852,"Eclipses occur when one celestial body passes through the shadow of another. There are two main types of eclipses: solar eclipses and lunar eclipses.

**Solar Eclipses:**

A solar eclipse occurs when ",0.42339804768562317,0.5403882265090942,-0.22548535466194153,-0.0871843695640564,0.3149029314517975,-0.1467960923910141,0.38509705662727356,0.0637863278388977
59,interpolation,1.4149969816207886,0.7423202894635643,0.6561083197593689,assistant,0.584494355389447,0.66097432153746,0.9633891582489014,"Eclipses occur when one celestial body passes into the shadow of another. There are two main types of eclipses: solar eclipses and lunar eclipses.

**Solar Eclipses:**

A solar eclipse occurs when the",0.43645456433296204,0.3108363449573517,0.6837455034255981,0.17290912568569183,-0.02167266607284546,0.668963611125946,-0.3364545702934265,0.22709085047245026
60,interpolation,1.4005420207977295,0.7480218639931967,0.6690874099731445,assistant,0.5865020300200178,0.6678704346621197,0.08534155786037445,"Eclipses occur when one celestial body passes through the shadow of another. There are two main types of eclipses: solar eclipses and lunar eclipses.

**Solar Eclipses:**

A solar eclipse occurs when ",0.48876988887786865,0.4606945812702179,-0.24384939670562744,0.6168451905250549,0.8775396943092346,-0.5606945753097534,0.38876986503601074,-0.800000011920929
61,interpolation,1.4149969816207886,0.7423202894635643,0.6690346002578735,assistant,0.5915602427782995,0.6676383774999124,0.46120548248291016,"Eclipses occur when one celestial body passes into the shadow of another. There are two main types of eclipses: solar eclipses and lunar eclipses.

**Solar Eclipses:**

A solar eclipse occurs when the",0.8443794846534729,0.24437952041625977,0.23372288048267365,0.5668613910675049,0.7775180339813232,-0.1775180697441101,-0.07810240983963013,-0.5887590050697327
62,interpolation,1.4005420207977295,0.7480218639931967,0.6481369733810425,assistant,0.5788137561685863,0.6583241978476084,0.3826639950275421,"Eclipses occur when one celestial body passes through the shadow of another. There are two main types of eclipses: solar eclipses and lunar eclipses.

**Solar Eclipses:**

A solar eclipse occurs when ",0.25492483377456665,0.9331613183021545,-0.666322648525238,-0.6554408669471741,0.021763518452644348,-0.16632264852523804,0.6113978028297424,0.6000000238418579
63,interpolation,1.4005420207977295,0.7480218639931967,0.6686820983886719,assistant,0.5876271779720048,0.6681103801179579,0.31038954854011536,"Eclipses occur when one celestial body passes through the shadow of another. There are two main types of eclipses: solar eclipses and lunar eclipses.

**Solar Eclipses:**

A solar eclipse occurs when ",0.5822241902351379,0.45888790488243103,-0.3822242021560669,0.3944394886493683,0.7766637206077576,-0.6822242140769958,0.2766636908054352,-0.8411120772361755
64,interpolation,1.4005420207977295,0.7480218639931967,0.649259090423584,assistant,0.5812118404602078,0.6594975982923295,0.16890046000480652,"Eclipses occur when one celestial body passes through the shadow of another. There are two main types of eclipses: solar eclipses and lunar eclipses.

**Solar Eclipses:**

A solar eclipse occurs when ",0.39182859659194946,0.9704986810684204,-0.7409973740577698,-0.6803324818611145,0.12132987380027771,-0.24099743366241455,0.5491688251495361,0.6000000238418579
65,interpolation,1.5249227285385132,0.7032627048437328,0.6679534912109375,assistant,0.5829455959595092,0.6513872640047266,0.01632620207965374,"Eclipses occur when one celestial body passes into the shadow of another. There are two main types of eclipses: solar eclipses and lunar eclipses.

**Solar Eclipses:**

A solar eclipse occurs when the",0.3035210072994232,-0.19471850991249084,0.6894369721412659,0.8929579854011536,0.500880241394043,0.09207776188850403,0.19911976158618927,-0.8008802533149719
66,interpolation,1.4149969816207886,0.7423202894635643,0.6612855195999146,assistant,0.5881064389044353,0.6639040826559713,0.7747081518173218,"Eclipses occur when one celestial body passes into the shadow of another. There are two main types of eclipses: solar eclipses and lunar eclipses.

**Solar Eclipses:**

A solar eclipse occurs when the",0.5908653736114502,0.3045673072338104,0.46514424681663513,0.3514423072338104,0.2514423429965973,0.3485576808452606,-0.23028847575187683,-0.08173079788684845
67,interpolation,1.4005420207977295,0.7480218639931967,0.6447650194168091,assistant,0.5674788655001206,0.6534219163033755,0.4228726029396057,"Eclipses occur when one celestial body passes through the shadow of another. There are two main types of eclipses: solar eclipses and lunar eclipses.

**Solar Eclipses:**

A solar eclipse occurs when ",-0.40490657091140747,0.6549783945083618,-0.24502158164978027,-0.4099568724632263,-0.41991376876831055,0.13492095470428467,0.8649353384971619,0.3748922348022461
68,interpolation,1.4005420207977295,0.7480218639931967,0.6548692584037781,assistant,0.5829702327465578,0.6619537850478442,1.0086292028427124,"Eclipses occur when one celestial body passes through the shadow of another. There are two main types of eclipses: solar eclipses and lunar eclipses.

**Solar Eclipses:**

A solar eclipse occurs when ",0.3861970007419586,0.6092020273208618,-0.29079800844192505,-0.3707045018672943,0.024694502353668213,-0.06779298186302185,0.2046010047197342,0.04140901565551758
69,interpolation,1.4005420207977295,0.7480218639931967,0.6616138219833374,assistant,0.5873586652571099,0.665664783744548,0.7386054992675781,"Eclipses occur when one celestial body passes through the shadow of another. There are two main types of eclipses: solar eclipses and lunar eclipses.

**Solar Eclipses:**

A solar eclipse occurs when ",0.6256734132766724,0.6229796409606934,-0.6114898324012756,-0.19730618596076965,0.45134690403938293,-0.6141836643218994,0.2486531138420105,-0.3425508141517639
70,interpolation,1.4005420207977295,0.7480218639931967,0.6573649644851685,assistant,0.5837891298952489,0.6630586527912047,1.0898966789245605,"Eclipses occur when one celestial body passes through the shadow of another. There are two main types of eclipses: solar eclipses and lunar eclipses.

**Solar Eclipses:**

A solar eclipse occurs when ",0.42562639713287354,0.553758442401886,-0.24219810962677002,-0.10501128435134888,0.31156039237976074,-0.15125282108783722,0.3884396255016327,0.07938486337661743
71,interpolation,1.5249227285385132,0.7032627048437328,0.6658315658569336,assistant,0.5833692092077877,0.6508211599694848,0.4185658097267151,"Eclipses occur when one celestial body passes into the shadow of another. There are two main types of eclipses: solar eclipses and lunar eclipses.

**Solar Eclipses:**

A solar eclipse occurs when the",0.32856255769729614,-0.028624653816223145,0.4857807755470276,0.671499490737915,0.45715615153312683,0.042874883860349655,0.2428438365459442,-0.6000620722770691
72,interpolation,1.4149969816207886,0.7423202894635643,0.6618174910545349,assistant,0.5814768074219888,0.6618715293133627,0.7406739592552185,"Eclipses occur when one celestial body passes into the shadow of another. There are two main types of eclipses: solar eclipses and lunar eclipses.

**Solar Eclipses:**

A solar eclipse occurs when the",0.24983523786067963,0.05082385241985321,0.4993409216403961,0.4735994338989258,0.24917614459991455,0.22541193664073944,0.2250823974609375,-0.37359946966171265
73,interpolation,1.54994797706604,0.6953032563808226,0.6535431742668152,assistant,0.5792893046924673,0.6427119117800351,0.7927577495574951,"Eclipses occur when one celestial body passes in front of another, blocking the light from the background object. There are two main types of eclipses: solar eclipses and lunar eclipses.

**Solar Ecli",0.23239119350910187,0.27326157689094543,0.49717357754707336,0.08869437873363495,-0.10847918689250946,0.7084791660308838,-0.002826392650604248,0.21413195133209229
74,interpolation,1.4149969816207886,0.7423202894635643,0.6684169769287109,assistant,0.5891058209787564,0.6666143624570106,0.3316900134086609,"Eclipses occur when one celestial body passes into the shadow of another. There are two main types of eclipses: solar eclipses and lunar eclipses.

**Solar Eclipses:**

A solar eclipse occurs when the",0.6201158165931702,0.05609267204999924,0.5719536542892456,0.7719536423683167,0.5640231966972351,0.0359768308699131,-0.12011585384607315,-0.6079304814338684
75,interpolation,1.4149969816207886,0.7423202894635643,0.6640998721122742,assistant,0.5858984431919408,0.6641062015892597,0.7212845683097839,"Eclipses occur when one celestial body passes into the shadow of another. There are two main types of eclipses: solar eclipses and lunar eclipses.

**Solar Eclipses:**

A solar eclipse occurs when the",0.42415696382522583,0.5,-0.12303293496370316,0.3724709153175354,0.5713468194007874,-0.1955038607120514,0.2735949456691742,-0.4207848608493805
76,random,1.4436839818954468,0.7314228645357332,0.6439521908760071,assistant,0.5795929461223045,0.6516560005113482,0.9192255735397339,"Eclipses occur when one celestial body passes in front of another, blocking the light from the background object. There are two main types of eclipses: solar eclipses and lunar eclipses.

**Solar Ecli",-0.007486820220947266,0.5364435911178589,-0.8230451345443726,-0.7359390258789062,-0.3851543664932251,0.26815736293792725,-0.019813179969787598,0.7928894758224487
77,random,1.4005420207977295,0.7480218639931967,0.653064489364624,assistant,0.5851618142004789,0.6620827225194331,1.9442071914672852,"Eclipses occur when one celestial body passes through the shadow of another. There are two main types of eclipses: solar eclipses and lunar eclipses.

**Solar Eclipses:**

A solar eclipse occurs when ",-0.08874404430389404,0.2646125555038452,-0.30221307277679443,-0.1965653896331787,-0.9553484916687012,-0.6622821092605591,-0.41222310066223145,0.03704357147216797
78,random,1.4436839818954468,0.7314228645357332,0.649968147277832,assistant,0.5862856933560935,0.6558922350565529,1.2927422523498535,"Eclipses occur when one celestial body passes in front of another, blocking the light from the background object. There are two main types of eclipses: solar eclipses and lunar eclipses.

**Solar Ecli",0.39533519744873047,0.6000227928161621,-0.677941083908081,-0.4354628324508667,0.3632171154022217,0.8303879499435425,-0.20580017566680908,0.7483117580413818
79,random,1.54994797706604,0.6953032563808226,0.6446493864059448,assistant,0.5770564515526534,0.6390030314464735,1.6338002681732178,"Eclipses occur when one celestial body passes in front of another, blocking the light from the background object. There are two main types of eclipses: solar eclipses and lunar eclipses.

**Solar Ecli",-0.16118335723876953,0.10581409931182861,0.9054762125015259,-0.9276703596115112,-0.6295379400253296,-0.25316524505615234,-0.38979995250701904,0.8640007972717285
80,random,1.4807376861572266,0.7181120202065294,0.6372973322868347,assistant,0.5619101229280927,0.6391064918071523,1.556056022644043,"Eclipses occur when one celestial body passes in front of another, blocking the light from the background object. There are two main types of eclipses: solar eclipses and lunar eclipses.

**Solar Ecli",-0.6481796503067017,-0.46033287048339844,-0.6986404657363892,-0.9365609884262085,-0.5837404727935791,0.8595980405807495,0.4462183713912964,0.48467254638671875
81,random,1.4807376861572266,0.7181120202065294,0.6440664529800415,assistant,0.5706549905101159,0.644277821232229,1.7428054809570312,"Eclipses occur when one celestial body passes in front of another, blocking the light from the background object. There are two main types of eclipses: solar eclipses and lunar eclipses.

**Solar Ecli",0.052591562271118164,-0.5126835107803345,0.16918468475341797,-0.9336947202682495,-0.7225662469863892,-0.515529990196228,0.630937933921814,0.586321234703064
82,random,1.5249227285385132,0.7032627048437328,0.6630769371986389,assistant,0.5738459064186041,0.6467285161536586,0.9327349662780762,"Eclipses occur when one celestial body passes into the shadow of another. There are two main types of eclipses: solar eclipses and lunar eclipses.

**Solar Eclipses:**

A solar eclipse occurs when the",-0.4434950351715088,-0.03608238697052002,0.6395606994628906,0.9941331148147583,0.39688217639923096,0.1350928544998169,0.670486330986023,-0.5888023376464844
83,random,1.54994797706604,0.6953032563808226,0.6554131507873535,assistant,0.5891593956193252,0.6466252675958338,2.0864295959472656,"Eclipses occur when one celestial body passes in front of another, blocking the light from the background object. There are two main types of eclipses: solar eclipses and lunar eclipses.

**Solar Ecli",0.18634402751922607,-0.7753055095672607,-0.6930861473083496,-0.5165835618972778,0.4524730443954468,0.4021604061126709,-0.5923525094985962,0.3021070957183838
84,random,1.4149969816207886,0.7423202894635643,0.6633168458938599,assistant,0.5914472250374718,0.6656947867982986,1.3176993131637573,"Eclipses occur when one celestial body passes into the shadow of another. There are two main types of eclipses: solar eclipses and lunar eclipses.

**Solar Eclipses:**

A solar eclipse occurs when the",0.5489720106124878,-0.12621736526489258,0.03818154335021973,0.2317047119140625,0.6203765869140625,0.9601941108703613,-0.7706235647201538,-0.36646974086761475
85,random,1.4149969816207886,0.7423202894635643,0.6683309674263,assistant,0.5876508254022234,0.6661006940973626,1.3481175899505615,"Eclipses occur when one celestial body passes into the shadow of another. There are two main types of eclipses: solar eclipses and lunar eclipses.

**Solar Eclipses:**

A solar eclipse occurs when the",0.39300990104675293,0.8285493850708008,0.8702073097229004,0.8823567628860474,0.1990145444869995,-0.8695826530456543,0.09199249744415283,-0.6256053447723389
86,random,1.4149969816207886,0.7423202894635643,0.6528792381286621,assistant,0.572310054508033,0.6558365273667531,2.151672601699829,"Eclipses occur when one celestial body passes into the shadow of another. There are two main types of eclipses: solar eclipses and lunar eclipses.

**Solar Eclipses:**

A solar eclipse occurs when the",-0.9319541454315186,0.8884924650192261,0.7603597640991211,-0.9975279569625854,0.1871720552444458,-0.16846001148223877,-0.16456115245819092,-0.4577568769454956
87,random,1.5249227285385132,0.7032627048437328,0.6688413023948669,assistant,0.5942396041158944,0.655447870451498,1.1817214488983154,"Eclipses occur when one celestial body passes into the shadow of another. There are two main types of eclipses: solar eclipses and lunar eclipses.

**Solar Eclipses:**

A solar eclipse occurs when the",0.3845561742782593,-0.5923035144805908,0.36659133434295654,0.5057080984115601,0.7158715724945068,0.37391114234924316,-0.9897352457046509,-0.6486968994140625
88,random,1.4436839818954468,0.7314228645357332,0.6594651937484741,assistant,0.5895378496837276,0.660141969322645,1.8291043043136597,"Eclipses occur when one celestial body passes in front of another, blocking the light from the background object. There are two main types of eclipses: solar eclipses and lunar eclipses.

**Solar Ecli",0.4993150234222412,0.20930135250091553,-0.7800840139389038,-0.5758194923400879,0.9407492876052856,0.6738178730010986,-0.43602514266967773,-0.2516847848892212
89,random,1.54994797706604,0.6953032563808226,0.6454579830169678,assistant,0.577891956728671,0.6395510653754871,1.7894432544708252,"Eclipses occur when one celestial body passes in front of another, blocking the light from the background object. There are two main types of eclipses: solar eclipses and lunar eclipses.

**Solar Ecli",-0.9525980949401855,-0.017974138259887695,-0.753058910369873,-0.7713567018508911,-0.05509960651397705,0.1501450538635254,-0.40953028202056885,0.5933775901794434
90,random,1.4005420207977295,0.7480218639931967,0.6465777158737183,assistant,0.5699983813982514,0.6548659870883888,1.4021974802017212,"Eclipses occur when one celestial body passes through the shadow of another. There are two main types of eclipses: solar eclipses and lunar eclipses.

**Solar Eclipses:**

A solar eclipse occurs when ",-0.6085391044616699,0.9073700904846191,0.6852998733520508,-0.84328293800354,-0.24888432025909424,0.045122623443603516,0.14590108394622803,0.23717427253723145
91,random,1.4807376861572266,0.7181120202065294,0.6602335572242737,assistant,0.5882717345859876,0.6555391040055969,1.7655361890792847,"Eclipses occur when one celestial body passes in front of another, blocking the light from the background object. There are two main types of eclipses: solar eclipses and lunar eclipses.

**Solar Ecli",0.39242827892303467,0.05990016460418701,-0.48792874813079834,0.47318899631500244,-0.9592489004135132,-0.5927066802978516,-0.250329852104187,-0.487113356590271
92,random,1.4807376861572266,0.7181120202065294,0.651329755783081,assistant,0.5699640821367734,0.6464686193754613,1.8926664590835571,"Eclipses occur when one celestial body passes in front of another, blocking the light from the background object. There are two main types of eclipses: solar eclipses and lunar eclipses.

**Solar Ecli",-0.3498333692550659,-0.8196216821670532,-0.21271514892578125,0.21375644207000732,-0.6514657735824585,-0.05131936073303223,0.715850830078125,-0.10280025005340576
93,random,1.4807376861572266,0.7181120202065294,0.6602343320846558,assistant,0.5753686042225027,0.651238318837896,1.4077951908111572,"Eclipses occur when one celestial body passes in front of another, blocking the light from the background object. There are two main types of eclipses: solar eclipses and lunar eclipses.

**Solar Ecli",0.02779221534729004,-0.08626890182495117,0.20238137245178223,0.6358394622802734,0.9472461938858032,0.6350558996200562,0.949413537979126,-0.07232165336608887
94,random,1.4807376861572266,0.7181120202065294,0.6611850261688232,assistant,0.5826797909257544,0.6539922791003691,2.3172965049743652,"Eclipses occur when one celestial body passes in front of another, blocking the light from the background object. There are two main types of eclipses: solar eclipses and lunar eclipses.

**Solar Ecli",-0.8983215093612671,-0.4740772247314453,0.6809052228927612,-0.006482481956481934,-0.4970463514328003,-0.766311764717102,-0.93585205078125,-0.844008207321167
95,random,1.4005420207977295,0.7480218639931967,0.6597024202346802,assistant,0.5830854465866062,0.6636032436048277,1.8426862955093384,"Eclipses occur when one celestial body passes through the shadow of another. There are two main types of eclipses: solar eclipses and lunar eclipses.

**Solar Eclipses:**

A solar eclipse occurs when ",-0.2028367519378662,0.5484060049057007,0.5406410694122314,-0.964431881904602,0.6237820386886597,-0.782509446144104,-0.2114102840423584,-0.40547263622283936
96,random,1.54994797706604,0.6953032563808226,0.6489803791046143,assistant,0.5836901656546163,0.642657933713351,1.7388337850570679,"Eclipses occur when one celestial body passes in front of another, blocking the light from the background object. There are two main types of eclipses: solar eclipses and lunar eclipses.

**Solar Ecli",-0.19261527061462402,-0.19634270668029785,-0.8973499536514282,-0.8634378910064697,-0.15647947788238525,0.012932181358337402,-0.45427489280700684,0.37669920921325684
97,random,1.54994797706604,0.6953032563808226,0.654252827167511,assistant,0.583272402629069,0.6442761620591342,2.1276257038116455,"Eclipses occur when one celestial body passes in front of another, blocking the light from the background object. There are two main types of eclipses: solar eclipses and lunar eclipses.

**Solar Ecli",-0.900058388710022,-0.06748723983764648,0.8794194459915161,-0.40789198875427246,0.9030030965805054,0.3621537685394287,-0.9024609327316284,0.632697343826294
98,random,1.4807376861572266,0.7181120202065294,0.6498445868492126,assistant,0.5696698400079124,0.6458754823545515,1.8941322565078735,"Eclipses occur when one celestial body passes in front of another, blocking the light from the background object. There are two main types of eclipses: solar eclipses and lunar eclipses.

**Solar Ecli",-0.1153944730758667,-0.44640684127807617,0.7996532917022705,-0.8080952167510986,0.10730493068695068,-0.20936870574951172,0.7141126394271851,0.2791445255279541
99,random,1.54994797706604,0.6953032563808226,0.6435385942459106,assistant,0.5716625610760974,0.6368348039009436,1.0539963245391846,"Eclipses occur when one celestial body passes in front of another, blocking the light from the background object. There are two main types of eclipses: solar eclipses and lunar eclipses.

**Solar Ecli",0.4805053472518921,0.35315895080566406,-0.24047470092773438,-0.21030545234680176,-0.8240814208984375,0.5418441295623779,0.7939780950546265,0.6842248439788818
100,random,1.4807376861572266,0.7181120202065294,0.6481950283050537,assistant,0.5784580230929136,0.6482550238681656,1.8366845846176147,"Eclipses occur when one celestial body passes in front of another, blocking the light from the background object. There are two main types of eclipses: solar eclipses and lunar eclipses.

**Solar Ecli",-0.7053782939910889,0.04459989070892334,-0.7049341201782227,-0.5504841804504395,-0.5827054977416992,0.3417450189590454,-0.5959131717681885,-0.02181720733642578
101,random,1.4005420207977295,0.7480218639931967,0.6423302292823792,assistant,0.5803794699283572,0.6569105210679776,0.9618675708770752,"Eclipses occur when one celestial body passes through the shadow of another. There are two main types of eclipses: solar eclipses and lunar eclipses.

**Solar Eclipses:**

A solar eclipse occurs when ",0.04206812381744385,0.6446230411529541,-0.7559200525283813,-0.6865122318267822,-0.5806615352630615,0.6999334096908569,-0.35946500301361084,0.8434886932373047
102,random,1.54994797706604,0.6953032563808226,0.6574061512947083,assistant,0.5859767046595089,0.64622870411168,1.4205398559570312,"Eclipses occur when one celestial body passes in front of another, blocking the light from the background object. There are two main types of eclipses: solar eclipses and lunar eclipses.

**Solar Ecli",0.36160755157470703,0.12662601470947266,-0.007444024085998535,-0.19768154621124268,0.12546634674072266,-0.22834467887878418,-0.0070264339447021484,0.1275930404663086
103,random,1.4807376861572266,0.7181120202065294,0.6437965631484985,assistant,0.55879706435958,0.6402352159048693,1.7924933433532715,"Eclipses occur when one celestial body passes in front of another, blocking the light from the background object. There are two main types of eclipses: solar eclipses and lunar eclipses.

**Solar Ecli",-0.7822051048278809,-0.5241314172744751,0.807492733001709,-0.8115466833114624,-0.07180619239807129,0.9892387390136719,0.3612370491027832,0.028313040733337402
104,random,1.54994797706604,0.6953032563808226,0.6450775861740112,assistant,0.5771359593669213,0.6391722673072516,1.3121024370193481,"Eclipses occur when one celestial body passes in front of another, blocking the light from the background object. There are two main types of eclipses: solar eclipses and lunar eclipses.

**Solar Ecli",-0.8666099309921265,0.49537789821624756,-0.7122807502746582,-0.28386425971984863,-0.3355163335800171,-0.14808738231658936,0.010938286781311035,0.8248075246810913
105,random,1.4005420207977295,0.7480218639931967,0.6578197479248047,assistant,0.5892597459306893,0.6650337859495635,1.823042869567871,"Eclipses occur when one celestial body passes through the shadow of another. There are two main types of eclipses: solar eclipses and lunar eclipses.

**Solar Eclipses:**

A solar eclipse occurs when ",0.12483882904052734,0.8956928253173828,0.6117124557495117,-0.6322139501571655,0.44850409030914307,-0.7068960666656494,-0.42382514476776123,0.29412269592285156
106,random,1.4005420207977295,0.7480218639931967,0.6642465591430664,assistant,0.5807941743255013,0.6643541991539214,0.8540689945220947,"Eclipses occur when one celestial body passes through the shadow of another. There are two main types of eclipses: solar eclipses and lunar eclipses.

**Solar Eclipses:**

A solar eclipse occurs when ",0.33019208908081055,0.7502280473709106,-0.321915864944458,0.0016008615493774414,0.5148235559463501,-0.9670921564102173,0.7229806184768677,-0.8269224166870117
107,random,1.4005420207977295,0.7480218639931967,0.6655535697937012,assistant,0.5927029139946464,0.6687594492605147,1.367140769958496,"Eclipses occur when one celestial body passes through the shadow of another. There are two main types of eclipses: solar eclipses and lunar eclipses.

**Solar Eclipses:**

A solar eclipse occurs when ",0.013782501220703125,-0.17001676559448242,-0.5266729593276978,0.13217103481292725,0.8269187211990356,-0.29231953620910645,-0.5936940908432007,-0.3698388338088989
108,random,1.4807376861572266,0.7181120202065294,0.6367323398590088,assistant,0.5620818918477256,0.6389754173044212,0.8042941093444824,"Eclipses occur when one celestial body passes in front of another, blocking the light from the background object. There are two main types of eclipses: solar eclipses and lunar eclipses.

**Solar Ecli",-0.9911483526229858,0.4513939619064331,-0.48026371002197266,-0.6673402786254883,-0.5761014223098755,0.5749560594558716,0.5295736789703369,0.767521858215332
109,random,1.4149969816207886,0.7423202894635643,0.6660417318344116,assistant,0.5914587885057635,0.6666069366012465,1.1839087009429932,"Eclipses occur when one celestial body passes into the shadow of another. There are two main types of eclipses: solar eclipses and lunar eclipses.

**Solar Eclipses:**

A solar eclipse occurs when the",0.36272311210632324,-0.333959698677063,-0.27944815158843994,0.29542994499206543,0.8220347166061401,0.2718921899795532,-0.47314536571502686,-0.47007739543914795
110,random,1.4436839818954468,0.7314228645357332,0.6535853743553162,assistant,0.581152891655296,0.6553870435154485,1.9628896713256836,"Eclipses occur when one celestial body passes in front of another, blocking the light from the background object. There are two main types of eclipses: solar eclipses and lunar eclipses.

**Solar Ecli",-0.9454690217971802,0.216048002243042,-0.5611824989318848,-0.891575813293457,0.8768764734268188,-0.6494112014770508,-0.1137615442276001,0.28649353981018066
111,random,1.4807376861572266,0.7181120202065294,0.6577416062355042,assistant,0.5880062485703601,0.6546199583374646,2.1412711143493652,"Eclipses occur when one celestial body passes in front of another, blocking the light from the background object. There are two main types of eclipses: solar eclipses and lunar eclipses.

**Solar Ecli",0.03185832500457764,-0.6728817224502563,-0.8083217144012451,0.7970824241638184,0.16283869743347168,0.8296245336532593,-0.33524060249328613,0.2945554256439209
112,random,1.5083876848220825,0.7086964672326777,0.6627048850059509,assistant,0.5853639921063811,0.6522551147816699,1.4151252508163452,"Eclipses occur when one celestial body passes through the shadow of another. There are two main types of eclipses: solar eclipses and lunar eclipses.

**Solar Eclipses:**

A solar eclipse occurs when ",-0.2286761999130249,-0.044471144676208496,-0.6090441942214966,0.3382009267807007,0.3161659240722656,-0.02062857151031494,-0.22490215301513672,-0.6164298057556152
113,random,1.54994797706604,0.6953032563808226,0.6545708179473877,assistant,0.5865703535347948,0.645481475954335,1.6934763193130493,"Eclipses occur when one celestial body passes in front of another, blocking the light from the background object. There are two main types of eclipses: solar eclipses and lunar eclipses.

**Solar Ecli",0.691544771194458,-0.7444241046905518,0.40966546535491943,-0.3362535238265991,-0.48246800899505615,0.17964506149291992,-0.5194569826126099,0.23040485382080078
114,random,1.4807376861572266,0.7181120202065294,0.6651383638381958,assistant,0.5939504817225488,0.6590669552557581,1.3734261989593506,"Eclipses occur when one celestial body passes in front of another, blocking the light from the background object. There are two main types of eclipses: solar eclipses and lunar eclipses.

**Solar Ecli",0.1963808536529541,-0.7424894571304321,0.16649854183197021,0.4259291887283325,0.39583098888397217,-0.1258786916732788,-0.8197876214981079,-0.15415406227111816
115,random,1.4807376861572266,0.7181120202065294,0.6570430397987366,assistant,0.5796679193571901,0.6516076597874854,1.4341939687728882,"Eclipses occur when one celestial body passes in front of another, blocking the light from the background object. There are two main types of eclipses: solar eclipses and lunar eclipses.

**Solar Ecli",0.3473076820373535,-0.3648771047592163,0.379581093788147,0.6659625768661499,-0.5221515893936157,0.00986182689666748,0.41349899768829346,0.07837784290313721
116,random,1.54994797706604,0.6953032563808226,0.65457683801651,assistant,0.5781211031234558,0.6426670658402628,1.8589653968811035,"Eclipses occur when one celestial body passes in front of another, blocking the light from the background object. There are two main types of eclipses: solar eclipses and lunar eclipses.

**Solar Ecli",0.08353149890899658,0.12486541271209717,-0.7861477136611938,0.07858824729919434,0.6924698352813721,0.901113748550415,0.5877509117126465,0.13400304317474365
117,random,1.4436839818954468,0.7314228645357332,0.6561126708984375,assistant,0.5923008565462367,0.6599454639934691,2.282485008239746,"Eclipses occur when one celestial body passes in front of another, blocking the light from the background object. There are two main types of eclipses: solar eclipses and lunar eclipses.

**Solar Ecli",0.4670141935348511,-0.48647964000701904,-0.828688383102417,-0.8599210977554321,0.9976097345352173,0.6347893476486206,-0.69123375415802,0.3912426233291626
118,random,1.4005420207977295,0.7480218639931967,0.6572163105010986,assistant,0.5821331241940927,0.662457099562796,1.9947781562805176,"Eclipses occur when one celestial body passes through the shadow of another. There are two main types of eclipses: solar eclipses and lunar eclipses.

**Solar Eclipses:**

A solar eclipse occurs when ",0.7551676034927368,0.9996148347854614,0.8743948936462402,0.7747538089752197,-0.22925925254821777,-0.35094165802001953,0.8210488557815552,0.5603796243667603
119,random,1.4005420207977295,0.7480218639931967,0.6490120887756348,assistant,0.579518532611756,0.6588508284601958,1.4671651124954224,"Eclipses occur when one celestial body passes through the shadow of another. There are two main types of eclipses: solar eclipses and lunar eclipses.

**Solar Eclipses:**

A solar eclipse occurs when ",-0.6017789840698242,0.8990172147750854,0.48315858840942383,0.545135498046875,-0.6267763376235962,0.2868998050689697,-0.3505624532699585,0.7813565731048584
120,random,1.54994797706604,0.6953032563808226,0.6550952196121216,assistant,0.5858808165022946,0.6454264308317462,1.2575958967208862,"Eclipses occur when one celestial body passes in front of another, blocking the light from the background object. There are two main types of eclipses: solar eclipses and lunar eclipses.

**Solar Ecli",-0.1799405813217163,0.3893125057220459,0.17762184143066406,0.42546820640563965,-0.3398275375366211,0.4875713586807251,-0.698470950126648,0.2258549928665161
121,random,1.4807376861572266,0.7181120202065294,0.6597371101379395,assistant,0.5693870743013497,0.6490787348819396,2.21766996383667,"Eclipses occur when one celestial body passes in front of another, blocking the light from the background object. There are two main types of eclipses: solar eclipses and lunar eclipses.

**Solar Ecli",-0.6765918731689453,-0.9865375757217407,-0.8030557632446289,0.7894700765609741,0.5410356521606445,0.9382157325744629,0.8011212348937988,-0.8930454254150391
122,random,1.5083876848220825,0.7086964672326777,0.6608245372772217,assistant,0.5892688193385037,0.652929941282801,2.4052515029907227,"Eclipses occur when one celestial body passes through the shadow of another. There are two main types of eclipses: solar eclipses and lunar eclipses.

**Solar Eclipses:**

A solar eclipse occurs when ",-0.6824311017990112,-0.1615825891494751,-0.6494323015213013,0.6943964958190918,-0.7560077905654907,-0.4879014492034912,-0.9660913944244385,-0.567745566368103
123,random,1.4149969816207886,0.7423202894635643,0.6616485118865967,assistant,0.5908893565263472,0.6649527192921695,1.7511838674545288,"Eclipses occur when one celestial body passes into the shadow of another. There are two main types of eclipses: solar eclipses and lunar eclipses.

**Solar Eclipses:**

A solar eclipse occurs when the",0.8224774599075317,0.8187600374221802,0.7158377170562744,0.7721272706985474,0.8891865015029907,-0.25606298446655273,0.44000208377838135,0.8909304141998291
124,random,1.4149969816207886,0.7423202894635643,0.6577741503715515,assistant,0.5809170174505671,0.660337152428561,1.4963903427124023,"Eclipses occur when one celestial body passes into the shadow of another. There are two main types of eclipses: solar eclipses and lunar eclipses.

**Solar Eclipses:**

A solar eclipse occurs when the",0.330818772315979,0.9996763467788696,0.5186629295349121,0.6216483116149902,-0.34999215602874756,0.47982752323150635,0.11490654945373535,-0.23881733417510986
125,random,1.54994797706604,0.6953032563808226,0.6590098142623901,assistant,0.5928301595072295,0.6490477433834807,2.4030439853668213,"Eclipses occur when one celestial body passes in front of another, blocking the light from the background object. There are two main types of eclipses: solar eclipses and lunar eclipses.

**Solar Ecli",-0.5637098550796509,-0.5611165761947632,-0.76948082447052,0.6713303327560425,0.7109311819076538,-0.11381268501281738,-0.578685998916626,0.7729054689407349
126,random,1.4436839818954468,0.7314228645357332,0.660139262676239,assistant,0.5872377051149047,0.659599944108959,1.8277103900909424,"Eclipses occur when one celestial body passes in front of another, blocking the light from the background object. There are two main types of eclipses: solar eclipses and lunar eclipses.

**Solar Ecli",0.639488935470581,0.0743340253829956,-0.4721353054046631,0.9190478324890137,0.4089406728744507,-0.7591453790664673,0.9570828676223755,0.7593737840652466
127,random,1.4005420207977295,0.7480218639931967,0.6616262197494507,assistant,0.5898433199392871,0.6664971345606449,1.7238184213638306,"Eclipses occur when one celestial body passes through the shadow of another. There are two main types of eclipses: solar eclipses and lunar eclipses.

**Solar Eclipses:**

A solar eclipse occurs when ",-0.3644908666610718,0.5621545314788818,-0.5681890249252319,-0.1567143201828003,0.849101185798645,0.04131913185119629,-0.7072181701660156,-0.3342329263687134
128,random,1.4807376861572266,0.7181120202065294,0.6599150896072388,assistant,0.5869275859700273,0.6549848985945985,1.7509006261825562,"Eclipses occur when one celestial body passes in front of another, blocking the light from the background object. There are two main types of eclipses: solar eclipses and lunar eclipses.

**Solar Ecli",-0.2714451551437378,-0.19292879104614258,0.09570062160491943,0.9248296022415161,0.05354034900665283,-0.6174399852752686,0.0512542724609375,0.47948718070983887
129,random,1.54994797706604,0.6953032563808226,0.6507801413536072,assistant,0.5863161532198946,0.6441331836514415,1.8730649948120117,"Eclipses occur when one celestial body passes in front of another, blocking the light from the background object. There are two main types of eclipses: solar eclipses and lunar eclipses.

**Solar Ecli",0.4960402250289917,-0.9139385223388672,-0.17894244194030762,-0.7431445121765137,-0.4266855716705322,0.3602933883666992,-0.7101302146911621,0.3717268705368042
130,random,1.4005420207977295,0.7480218639931967,0.6634881496429443,assistant,0.5839438919115001,0.6651513018492138,0.8223719596862793,"Eclipses occur when one celestial body passes through the shadow of another. There are two main types of eclipses: solar eclipses and lunar eclipses.

**Solar Eclipses:**

A solar eclipse occurs when ",0.8487781286239624,0.06558835506439209,-0.6664876937866211,-0.35828495025634766,0.21836411952972412,-0.7623180150985718,0.49681031703948975,-0.9078695774078369
131,random,1.4807376861572266,0.7181120202065294,0.6472722291946411,assistant,0.5725141077690471,0.6459661190567392,2.3251562118530273,"Eclipses occur when one celestial body passes in front of another, blocking the light from the background object. There are two main types of eclipses: solar eclipses and lunar eclipses.

**Solar Ecli",-0.9612933397293091,-0.9716606140136719,-0.20286333560943604,0.6724328994750977,-0.9464789628982544,0.8311871290206909,-0.40002286434173584,0.29288411140441895
132,random,1.54994797706604,0.6953032563808226,0.6605399250984192,assistant,0.5908367282019032,0.6488933032270483,1.7812179327011108,"Eclipses occur when one celestial body passes in front of another, blocking the light from the background object. There are two main types of eclipses: solar eclipses and lunar eclipses.

**Solar Ecli",0.04560291767120361,-0.9017190933227539,0.8293290138244629,0.5384434461593628,0.9939956665039062,0.5052121877670288,-0.6600689888000488,0.8345837593078613
133,random,1.4005420207977295,0.7480218639931967,0.6543625593185425,assistant,0.5777200836315863,0.6600348356477751,1.8335604667663574,"Eclipses occur when one celestial body passes through the shadow of another. There are two main types of eclipses: solar eclipses and lunar eclipses.

**Solar Eclipses:**

A solar eclipse occurs when ",0.05374443531036377,0.4742164611816406,-0.8018290996551514,-0.2876265048980713,-0.9818775653839111,-0.3894925117492676,0.21573114395141602,-0.7851617336273193
134,random,1.4436839818954468,0.7314228645357332,0.6433070302009583,assistant,0.5762356328214329,0.6503218425193747,1.0580706596374512,"Eclipses occur when one celestial body passes in front of another, blocking the light from the background object. There are two main types of eclipses: solar eclipses and lunar eclipses.

**Solar Ecli",0.31876420974731445,0.5368068218231201,0.13930928707122803,-0.6690833568572998,-0.7753196954727173,-0.30851662158966064,0.43895816802978516,0.9863964319229126
135,random,1.54994797706604,0.6953032563808226,0.6457182168960571,assistant,0.5803295810762505,0.6404503514510435,1.318483829498291,"Eclipses occur when one celestial body passes in front of another, blocking the light from the background object. There are two main types of eclipses: solar eclipses and lunar eclipses.

**Solar Ecli",0.5750290155410767,-0.11260926723480225,0.350616455078125,-0.9810628890991211,-0.854101300239563,0.466607928276062,-0.5664151906967163,0.48109567165374756
136,random,1.4807376861572266,0.7181120202065294,0.6478461027145386,assistant,0.5710913302283953,0.6456831510498211,1.8679414987564087,"Eclipses occur when one celestial body passes in front of another, blocking the light from the background object. There are two main types of eclipses: solar eclipses and lunar eclipses.

**Solar Ecli",-0.7059321403503418,-0.49531090259552,-0.8236889839172363,0.5218406915664673,-0.10189509391784668,0.7696011066436768,0.6188721656799316,0.5533425807952881
137,random,1.54994797706604,0.6953032563808226,0.6602679491043091,assistant,0.579052829224935,0.6448746782366889,1.3939276933670044,"Eclipses occur when one celestial body passes in front of another, blocking the light from the background object. There are two main types of eclipses: solar eclipses and lunar eclipses.

**Solar Ecli",0.03215610980987549,-0.3091779947280884,-0.2174316644668579,0.13290059566497803,0.49570953845977783,-0.7005898952484131,0.8392778635025024,-0.10873007774353027
138,random,1.4807376861572266,0.7181120202065294,0.6451627612113953,assistant,0.5619027550055143,0.6417258454744798,2.146660327911377,"Eclipses occur when one celestial body passes in front of another, blocking the light from the background object. There are two main types of eclipses: solar eclipses and lunar eclipses.

**Solar Ecli",-0.8379455804824829,-0.541057825088501,0.8848177194595337,0.914527177810669,-0.9262796640396118,0.7052983045578003,0.5011591911315918,0.5919184684753418
139,random,1.54994797706604,0.6953032563808226,0.6562204360961914,assistant,0.5894918402711334,0.6470051775827158,1.5517973899841309,"Eclipses occur when one celestial body passes in front of another, blocking the light from the background object. There are two main types of eclipses: solar eclipses and lunar eclipses.

**Solar Ecli",0.8465292453765869,-0.5389503240585327,0.3157757520675659,0.4092332124710083,-0.29549336433410645,0.3346531391143799,-0.2877134084701538,0.6182613372802734
140,random,1.4807376861572266,0.7181120202065294,0.6534168720245361,assistant,0.5717843289674371,0.6477710737328343,1.5728193521499634,"Eclipses occur when one celestial body passes in front of another, blocking the light from the background object. There are two main types of eclipses: solar eclipses and lunar eclipses.

**Solar Ecli",-0.2774546146392822,-0.3727957010269165,0.25174903869628906,0.3546936511993408,-0.4885716438293457,0.08839833736419678,0.579535722732544,-0.09949672222137451
141,random,1.4807376861572266,0.7181120202065294,0.6512547731399536,assistant,0.5701512374768887,0.6465060102744572,1.8631337881088257,"Eclipses occur when one celestial body passes in front of another, blocking the light from the background object. There are two main types of eclipses: solar eclipses and lunar eclipses.

**Solar Ecli",0.3043339252471924,-0.2411869764328003,0.35049962997436523,-0.7243942022323608,-0.5880287885665894,-0.5075905323028564,0.9190108776092529,-0.269084095954895
142,random,1.4807376861572266,0.7181120202065294,0.6626363396644592,assistant,0.5903930109706916,0.6570471236138934,1.894687294960022,"Eclipses occur when one celestial body passes in front of another, blocking the light from the background object. There are two main types of eclipses: solar eclipses and lunar eclipses.

**Solar Ecli",-0.0027303695678710938,-0.48449552059173584,0.9982900619506836,0.9766701459884644,-0.7541866302490234,-0.8106698989868164,-0.7579929828643799,-0.004822731018066406
143,random,1.4807376861572266,0.7181120202065294,0.6564754247665405,assistant,0.5798297015442151,0.6514723821724283,1.8668203353881836,"Eclipses occur when one celestial body passes in front of another, blocking the light from the background object. There are two main types of eclipses: solar eclipses and lunar eclipses.

**Solar Ecli",-0.2549039125442505,-0.6545456647872925,-0.3586721420288086,0.18893086910247803,-0.5224907398223877,0.2215825319290161,-0.2293158769607544,-0.48456335067749023
144,random,1.4005420207977295,0.7480218639931967,0.6587218642234802,assistant,0.5873263553600604,0.6646900278589124,2.204226493835449,"Eclipses occur when one celestial body passes through the shadow of another. There are two main types of eclipses: solar eclipses and lunar eclipses.

**Solar Eclipses:**

A solar eclipse occurs when ",0.13738548755645752,0.8222582340240479,-0.676079273223877,0.04643440246582031,-0.36876773834228516,0.9813063144683838,-0.9487632513046265,-0.9586611986160278
145,random,1.54994797706604,0.6953032563808226,0.6572939157485962,assistant,0.5816933194294991,0.644763497186306,1.8229732513427734,"Eclipses occur when one celestial body passes in front of another, blocking the light from the background object. There are two main types of eclipses: solar eclipses and lunar eclipses.

**Solar Ecli",0.9853849411010742,-0.6326899528503418,0.19172334671020508,-0.08630609512329102,-0.210657000541687,-0.22334778308868408,0.6354405879974365,0.04779696464538574
146,random,1.4807376861572266,0.7181120202065294,0.650153636932373,assistant,0.5714971286839876,0.6465875952742967,2.147876024246216,"Eclipses occur when one celestial body passes in front of another, blocking the light from the background object. There are two main types of eclipses: solar eclipses and lunar eclipses.

**Solar Ecli",-0.9736145734786987,-0.590360164642334,-0.3409003019332886,0.5032163858413696,-0.6471337080001831,0.9429196119308472,-0.22272932529449463,-0.17956197261810303
147,random,1.54994797706604,0.6953032563808226,0.6582105755805969,assistant,0.5918362649955645,0.6484500323189947,1.7826168537139893,"Eclipses occur when one celestial body passes in front of another, blocking the light from the background object. There are two main types of eclipses: solar eclipses and lunar eclipses.

**Solar Ecli",0.7835580110549927,0.5026077032089233,0.8481203317642212,0.5784443616867065,-0.3033539056777954,-0.6634724140167236,-0.07440304756164551,0.8276375532150269
148,random,1.4807376861572266,0.7181120202065294,0.662955641746521,assistant,0.593603068762816,0.6582235769052888,2.165558099746704,"Eclipses occur when one celestial body passes in front of another, blocking the light from the background object. There are two main types of eclipses: solar eclipses and lunar eclipses.

**Solar Ecli",-0.33561980724334717,-0.9273699522018433,0.40992844104766846,0.9734714031219482,-0.2846832275390625,-0.8280235528945923,-0.9070596694946289,0.25059938430786133
149,random,1.5249227285385132,0.7032627048437328,0.6650497913360596,assistant,0.5813622120618488,0.6498915694138804,1.194310188293457,"Eclipses occur when one celestial body passes into the shadow of another. There are two main types of eclipses: solar eclipses and lunar eclipses.

**Solar Eclipses:**

A solar eclipse occurs when the",-0.07571971416473389,-0.5049872398376465,0.20213186740875244,0.3797588348388672,0.7953189611434937,0.7763822078704834,-0.14968371391296387,-0.8817671537399292
150,random,1.4807376861572266,0.7181120202065294,0.6382197141647339,assistant,0.5574206808009182,0.6379174717240605,1.4112725257873535,"Eclipses occur when one celestial body passes in front of another, blocking the light from the background object. There are two main types of eclipses: solar eclipses and lunar eclipses.

**Solar Ecli",-0.903623104095459,0.9336895942687988,0.44205522537231445,0.43590736389160156,-0.8652210235595703,0.9260157346725464,0.947343111038208,0.9028602838516235
151,random,1.4807376861572266,0.7181120202065294,0.6581255197525024,assistant,0.5751237049435848,0.6504537483008722,2.1587369441986084,"Eclipses occur when one celestial body passes in front of another, blocking the light from the background object. There are two main types of eclipses: solar eclipses and lunar eclipses.

**Solar Ecli",-0.8435850143432617,-0.3773233890533447,-0.6877638101577759,0.9469655752182007,-0.4296799898147583,-0.4565545320510864,0.5239129066467285,-0.46259236335754395
152,random,1.54994797706604,0.6953032563808226,0.65062415599823,assistant,0.5789752710933593,0.6416342278241373,1.7845786809921265,"Eclipses occur when one celestial body passes in front of another, blocking the light from the background object. There are two main types of eclipses: solar eclipses and lunar eclipses.

**Solar Ecli",-0.49252212047576904,-0.08747148513793945,-0.09611952304840088,-0.7789784669876099,0.8336681127548218,-0.4411216974258423,0.35471487045288086,0.8697836399078369
153,random,1.5249227285385132,0.7032627048437328,0.6579621434211731,assistant,0.5728729198324066,0.6446992560324375,1.5626628398895264,"Eclipses occur when one celestial body passes into the shadow of another. There are two main types of eclipses: solar eclipses and lunar eclipses.

**Solar Eclipses:**

A solar eclipse occurs when the",0.5043164491653442,0.14157986640930176,0.8508570194244385,0.13442623615264893,-0.4626566171646118,0.9459995031356812,0.2366805076599121,-0.9756808280944824
154,random,1.4807376861572266,0.7181120202065294,0.6463651657104492,assistant,0.5649355521253782,0.6431375793474522,1.9394316673278809,"Eclipses occur when one celestial body passes in front of another, blocking the light from the background object. There are two main types of eclipses: solar eclipses and lunar eclipses.

**Solar Ecli",-0.28469157218933105,-0.681167483329773,0.8767529726028442,-0.1651458740234375,-0.9115248918533325,-0.06286334991455078,0.6280128955841064,0.25980043411254883
155,random,1.54994797706604,0.6953032563808226,0.6572729349136353,assistant,0.593474331445598,0.6486835075800187,2.0244081020355225,"Eclipses occur when one celestial body passes in front of another, blocking the light from the background object. There are two main types of eclipses: solar eclipses and lunar eclipses.

**Solar Ecli",0.3162044286727905,0.092873215675354,0.3728187084197998,-0.24365198612213135,-0.3978002071380615,-0.9347084760665894,-0.7533369064331055,0.43340253829956055
156,random,1.4807376861572266,0.7181120202065294,0.6443046927452087,assistant,0.5749628355957956,0.645793182849178,1.0995537042617798,"Eclipses occur when one celestial body passes in front of another, blocking the light from the background object. There are two main types of eclipses: solar eclipses and lunar eclipses.

**Solar Ecli",-0.5921133756637573,0.14346647262573242,0.31919145584106445,0.07080388069152832,-0.6483497619628906,0.9563283920288086,-0.581499457359314,0.8225005865097046
157,random,1.4149969816207886,0.7423202894635643,0.6637992262840271,assistant,0.5871627054636499,0.6644274070704138,2.189875841140747,"Eclipses occur when one celestial body passes into the shadow of another. There are two main types of eclipses: solar eclipses and lunar eclipses.

**Solar Eclipses:**

A solar eclipse occurs when the",-0.7955082654953003,-0.2405484914779663,0.5439687967300415,-0.4085806608200073,0.8400429487228394,-0.6881564855575562,-0.8397715091705322,-0.45091915130615234
158,random,1.4005420207977295,0.7480218639931967,0.6593804359436035,assistant,0.5769993271256159,0.6614672090208052,1.4020365476608276,"Eclipses occur when one celestial body passes through the shadow of another. There are two main types of eclipses: solar eclipses and lunar eclipses.

**Solar Eclipses:**

A solar eclipse occurs when ",0.1616504192352295,0.9207558631896973,-0.47740089893341064,0.3576282262802124,-0.2507070302963257,-0.21686232089996338,0.7353034019470215,-0.7749859094619751
159,random,1.4149969816207886,0.7423202894635643,0.6587861776351929,assistant,0.591163909894425,0.6640901256643941,1.778090476989746,"Eclipses occur when one celestial body passes into the shadow of another. There are two main types of eclipses: solar eclipses and lunar eclipses.

**Solar Eclipses:**

A solar eclipse occurs when the",0.10621333122253418,0.9404091835021973,-0.1374121904373169,0.7764381170272827,-0.3079568147659302,0.804962158203125,-0.9673303365707397,-0.14412367343902588
160,random,1.4807376861572266,0.7181120202065294,0.6587076187133789,assistant,0.5752929104156478,0.6507041831118521,1.2526215314865112,"Eclipses occur when one celestial body passes in front of another, blocking the light from the background object. There are two main types of eclipses: solar eclipses and lunar eclipses.

**Solar Ecli",-0.17564642429351807,0.324084997177124,0.3923274278640747,0.7678169012069702,-0.14898598194122314,-0.039655089378356934,0.6848112344741821,-0.27057313919067383
161,random,1.4149969816207886,0.7423202894635643,0.664124608039856,assistant,0.5863780093791536,0.6642743022941914,1.5206866264343262,"Eclipses occur when one celestial body passes into the shadow of another. There are two main types of eclipses: solar eclipses and lunar eclipses.

**Solar Eclipses:**

A solar eclipse occurs when the",0.8766336441040039,-0.6658121347427368,-0.10820984840393066,-0.0537109375,0.4462099075317383,0.6836761236190796,-0.15850377082824707,-0.82848060131073
162,random,1.4149969816207886,0.7423202894635643,0.6599338054656982,assistant,0.5779045817117593,0.660052892213674,1.7559466361999512,"Eclipses occur when one celestial body passes into the shadow of another. There are two main types of eclipses: solar eclipses and lunar eclipses.

**Solar Eclipses:**

A solar eclipse occurs when the",0.49549221992492676,0.29913175106048584,0.4016993045806885,-0.6168676614761353,0.6435955762863159,0.9471549987792969,0.08677136898040771,-0.9340484142303467
163,random,1.54994797706604,0.6953032563808226,0.6574395895004272,assistant,0.5921628572957356,0.6483019010589951,1.6522241830825806,"Eclipses occur when one celestial body passes in front of another, blocking the light from the background object. There are two main types of eclipses: solar eclipses and lunar eclipses.

**Solar Ecli",0.7019898891448975,-0.7414512634277344,0.22987210750579834,0.14531779289245605,-0.4680365324020386,0.34819555282592773,-0.8944326639175415,0.2277594804763794
164,random,1.5249227285385132,0.7032627048437328,0.6568757891654968,assistant,0.5758221888185842,0.6453202276092712,1.6337541341781616,"Eclipses occur when one celestial body passes into the shadow of another. There are two main types of eclipses: solar eclipses and lunar eclipses.

**Solar Eclipses:**

A solar eclipse occurs when the",-0.63395094871521,-0.10813367366790771,0.12862884998321533,0.8519444465637207,-0.4771202802658081,0.6406360864639282,-0.12703382968902588,-0.47492778301239014
165,random,1.4807376861572266,0.7181120202065294,0.6440287828445435,assistant,0.5618293123489988,0.6413233718000239,2.174166440963745,"Eclipses occur when one celestial body passes in front of another, blocking the light from the background object. There are two main types of eclipses: solar eclipses and lunar eclipses.

**Solar Ecli",-0.8707996606826782,-0.9175183773040771,0.9766106605529785,-0.24939954280853271,0.049948811531066895,0.271112322807312,0.6797322034835815,0.8534741401672363
166,random,1.4807376861572266,0.7181120202065294,0.6540055274963379,assistant,0.5705654701400724,0.6475610059476465,2.2514145374298096,"Eclipses occur when one celestial body passes in front of another, blocking the light from the background object. There are two main types of eclipses: solar eclipses and lunar eclipses.

**Solar Ecli",0.8110171556472778,-0.7408831119537354,-0.1602168083190918,-0.5917376279830933,-0.5713517665863037,0.2372070550918579,0.938647985458374,-0.801103949546814
167,random,1.54994797706604,0.6953032563808226,0.6581739783287048,assistant,0.5967309511786871,0.6500693952960716,1.8970175981521606,"Eclipses occur when one celestial body passes in front of another, blocking the light from the background object. There are two main types of eclipses: solar eclipses and lunar eclipses.

**Solar Ecli",0.6052044630050659,-0.5184667110443115,-0.19477427005767822,0.7937709093093872,-0.22617030143737793,0.09105575084686279,-0.6990325450897217,0.851240873336792
168,random,1.4807376861572266,0.7181120202065294,0.6467397212982178,assistant,0.5633909817226348,0.6427475744091273,1.8641446828842163,"Eclipses occur when one celestial body passes in front of another, blocking the light from the background object. There are two main types of eclipses: solar eclipses and lunar eclipses.

**Solar Ecli",-0.12926983833312988,-0.7313904762268066,0.292810320854187,-0.711017370223999,-0.7935073375701904,0.06091916561126709,0.7928435802459717,-0.28298401832580566
169,random,1.4149969816207886,0.7423202894635643,0.6578470468521118,assistant,0.5910199072682627,0.6637290811946462,1.7353874444961548,"Eclipses occur when one celestial body passes into the shadow of another. There are two main types of eclipses: solar eclipses and lunar eclipses.

**Solar Eclipses:**

A solar eclipse occurs when the",0.47066688537597656,0.8593212366104126,0.6632609367370605,-0.5245610475540161,-0.1096198558807373,-0.3146848678588867,-0.8041229248046875,0.0004131793975830078
170,random,1.4149969816207886,0.7423202894635643,0.6594753265380859,assistant,0.5861715466678363,0.6626557208898288,1.578667402267456,"Eclipses occur when one celestial body passes into the shadow of another. There are two main types of eclipses: solar eclipses and lunar eclipses.

**Solar Eclipses:**

A solar eclipse occurs when the",0.7524350881576538,0.8425155878067017,0.0933007001876831,0.22712302207946777,-0.4329216480255127,0.7548424005508423,-0.41610848903656006,-0.694652795791626
171,random,1.4005420207977295,0.7480218639931967,0.6598325967788696,assistant,0.5963485334600033,0.6680676647440231,1.9059529304504395,"Eclipses occur when one celestial body passes through the shadow of another. There are two main types of eclipses: solar eclipses and lunar eclipses.

**Solar Eclipses:**

A solar eclipse occurs when ",0.15399348735809326,0.5993853807449341,-0.9015915393829346,0.9039674997329712,0.3597310781478882,-0.7006127834320068,-0.21540749073028564,0.8675799369812012
172,random,1.4807376861572266,0.7181120202065294,0.6521737575531006,assistant,0.5637374892259256,0.6446744223285186,2.1155500411987305,"Eclipses occur when one celestial body passes in front of another, blocking the light from the background object. There are two main types of eclipses: solar eclipses and lunar eclipses.

**Solar Ecli",-0.7672346830368042,-0.2922772169113159,0.32798027992248535,-0.8760850429534912,0.5481982231140137,0.52054762840271,0.6202055215835571,-0.6375471353530884
173,random,1.54994797706604,0.6953032563808226,0.6472218036651611,assistant,0.5723358907636455,0.6382869836032098,1.8615134954452515,"Eclipses occur when one celestial body passes in front of another, blocking the light from the background object. There are two main types of eclipses: solar eclipses and lunar eclipses.

**Solar Ecli",0.9960010051727295,-0.5927615165710449,0.9983404874801636,-0.9596904516220093,-0.89096999168396,0.6141963005065918,0.10451292991638184,0.05768930912017822
174,random,1.4807376861572266,0.7181120202065294,0.6470571160316467,assistant,0.5740003342554622,0.6463898234978794,1.6997350454330444,"Eclipses occur when one celestial body passes in front of another, blocking the light from the background object. There are two main types of eclipses: solar eclipses and lunar eclipses.

**Solar Ecli",-0.5537583827972412,-0.4194754362106323,-0.2923874855041504,-0.9741554260253906,0.05196869373321533,0.17685890197753906,-0.0008466243743896484,0.32293033599853516
175,random,1.4436839818954468,0.7314228645357332,0.6574129462242126,assistant,0.5897841032816298,0.6595399713471919,1.5808608531951904,"Eclipses occur when one celestial body passes in front of another, blocking the light from the background object. There are two main types of eclipses: solar eclipses and lunar eclipses.

**Solar Ecli",0.9488509893417358,0.26588404178619385,-0.366072416305542,-0.4115467071533203,-0.6398055553436279,-0.6932188272476196,-0.16104984283447266,-0.1768655776977539
176,random,1.5249227285385132,0.7032627048437328,0.6515448689460754,assistant,0.5636332089396823,0.6394802609098301,2.0524990558624268,"Eclipses occur when one celestial body passes into the shadow of another. There are two main types of eclipses: solar eclipses and lunar eclipses.

**Solar Eclipses:**

A solar eclipse occurs when the",0.4448624849319458,-0.42743682861328125,0.7972036600112915,-0.7016801834106445,0.0028421878814697266,0.898919939994812,0.9943851232528687,-0.5792622566223145
177,random,1.4436839818954468,0.7314228645357332,0.6557422876358032,assistant,0.5862637834627461,0.6578096452114275,1.19087553024292,"Eclipses occur when one celestial body passes in front of another, blocking the light from the background object. There are two main types of eclipses: solar eclipses and lunar eclipses.

**Solar Ecli",0.17812895774841309,0.11812269687652588,-0.4688516855239868,-0.3454948663711548,0.27085399627685547,-0.6953651905059814,0.16499567031860352,0.4327247142791748
178,random,1.4005420207977295,0.7480218639931967,0.6627483367919922,assistant,0.5802541532793286,0.6636747846881725,1.1680958271026611,"Eclipses occur when one celestial body passes through the shadow of another. There are two main types of eclipses: solar eclipses and lunar eclipses.

**Solar Eclipses:**

A solar eclipse occurs when ",-0.3940701484680176,0.8306411504745483,-0.0658104419708252,0.45371270179748535,0.9903063774108887,-0.30566835403442383,0.5434081554412842,-0.28602921962738037
179,random,1.4807376861572266,0.7181120202065294,0.6545597314834595,assistant,0.5734549891787132,0.6487089136229006,1.5991960763931274,"Eclipses occur when one celestial body passes in front of another, blocking the light from the background object. There are two main types of eclipses: solar eclipses and lunar eclipses.

**Solar Ecli",-0.14607298374176025,-0.1694711446762085,-0.006212592124938965,-0.3777683973312378,0.23438692092895508,0.03768038749694824,0.6338897943496704,-0.20240533351898193
180,random,1.54994797706604,0.6953032563808226,0.6599311828613281,assistant,0.5920735553326473,0.649102664858266,1.7566545009613037,"Eclipses occur when one celestial body passes in front of another, blocking the light from the background object. There are two main types of eclipses: solar eclipses and lunar eclipses.

**Solar Ecli",0.10028016567230225,-0.3719903230667114,-0.8374537229537964,0.4046672582626343,0.12795794010162354,-0.40048372745513916,-0.3381049633026123,0.2615213394165039
181,random,1.4005420207977295,0.7480218639931967,0.6552892923355103,assistant,0.582606948989305,0.6619727017726706,1.600325345993042,"Eclipses occur when one celestial body passes through the shadow of another. There are two main types of eclipses: solar eclipses and lunar eclipses.

**Solar Eclipses:**

A solar eclipse occurs when ",-0.1808168888092041,0.6534758806228638,0.056643128395080566,0.3777366876602173,0.43569624423980713,-0.24536633491516113,0.4326648712158203,0.7379332780838013
182,random,1.4005420207977295,0.7480218639931967,0.6630063056945801,assistant,0.5794515421251812,0.663493237270986,1.4193271398544312,"Eclipses occur when one celestial body passes through the shadow of another. There are two main types of eclipses: solar eclipses and lunar eclipses.

**Solar Eclipses:**

A solar eclipse occurs when ",0.046018362045288086,0.19569289684295654,0.03633558750152588,0.692367434501648,-0.42219531536102295,-0.5315698385238647,0.43575358390808105,-0.8703141212463379
183,random,1.4149969816207886,0.7423202894635643,0.6516045331954956,assistant,0.5711691213130745,0.6550313146573782,1.7643715143203735,"Eclipses occur when one celestial body passes into the shadow of another. There are two main types of eclipses: solar eclipses and lunar eclipses.

**Solar Eclipses:**

A solar eclipse occurs when the",0.01603245735168457,-0.45989108085632324,0.6600335836410522,-0.9310390949249268,0.606332540512085,0.9893567562103271,0.20234012603759766,-0.0666266679763794
184,random,1.54994797706604,0.6953032563808226,0.6568418741226196,assistant,0.583946990217512,0.6453640402403181,1.7133749723434448,"Eclipses occur when one celestial body passes in front of another, blocking the light from the background object. There are two main types of eclipses: solar eclipses and lunar eclipses.

**Solar Ecli",0.9843498468399048,-0.42735230922698975,-0.08013355731964111,-0.437904953956604,-0.13804125785827637,0.2173389196395874,0.133561372756958,-0.1888749599456787
185,random,1.5249227285385132,0.7032627048437328,0.6566427946090698,assistant,0.5802995039000327,0.6467350011176117,2.052788019180298,"Eclipses occur when one celestial body passes into the shadow of another. There are two main types of eclipses: solar eclipses and lunar eclipses.

**Solar Eclipses:**

A solar eclipse occurs when the",-0.9998406171798706,0.05120408535003662,-0.02962195873260498,0.15043675899505615,0.7662502527236938,0.9720094203948975,-0.5932824611663818,-0.062354445457458496
186,random,1.4807376861572266,0.7181120202065294,0.6634039282798767,assistant,0.5763857766451667,0.6526339083771909,1.8373887538909912,"Eclipses occur when one celestial body passes in front of another, blocking the light from the background object. There are two main types of eclipses: solar eclipses and lunar eclipses.

**Solar Ecli",-0.40067362785339355,-0.9216456413269043,-0.7276591062545776,0.9385610818862915,0.5830610990524292,0.5371510982513428,0.5557432174682617,-0.7944790124893188
187,random,1.4005420207977295,0.7480218639931967,0.6576241254806519,assistant,0.5913262831980939,0.6656574242239808,1.7943778038024902,"Eclipses occur when one celestial body passes through the shadow of another. There are two main types of eclipses: solar eclipses and lunar eclipses.

**Solar Eclipses:**

A solar eclipse occurs when ",0.105019211769104,0.9307146072387695,-0.5580859184265137,0.889594316482544,0.2628384828567505,0.7035435438156128,-0.4283876419067383,0.4610177278518677
188,random,1.4807376861572266,0.7181120202065294,0.6493000984191895,assistant,0.5659840831092134,0.6444654005783108,2.033024311065674,"Eclipses occur when one celestial body passes in front of another, blocking the light from the background object. There are two main types of eclipses: solar eclipses and lunar eclipses.

**Solar Ecli",-0.8864877223968506,-0.06349551677703857,0.33355116844177246,0.29989445209503174,0.8368080854415894,0.9826570749282837,0.9097570180892944,0.6713922023773193
189,random,1.4436839818954468,0.7314228645357332,0.6541061401367188,assistant,0.5844305274029583,0.6566531773584702,1.2814112901687622,"Eclipses occur when one celestial body passes in front of another, blocking the light from the background object. There are two main types of eclipses: solar eclipses and lunar eclipses.

**Solar Ecli",0.7030620574951172,-0.1290297508239746,-0.776046872138977,-0.3712271451950073,-0.11226451396942139,-0.5403865575790405,0.5111708641052246,0.351027250289917
190,random,1.4807376861572266,0.7181120202065294,0.6551238298416138,assistant,0.5779166817074327,0.6503841772518587,2.0113956928253174,"Eclipses occur when one celestial body passes in front of another, blocking the light from the background object. There are two main types of eclipses: solar eclipses and lunar eclipses.

**Solar Ecli",0.16135191917419434,0.241560697555542,0.8784523010253906,0.3642313480377197,-0.8769394159317017,-0.7258807420730591,0.4407496452331543,0.13627922534942627
191,random,1.4807376861572266,0.7181120202065294,0.6692867279052734,assistant,0.5872644506667407,0.6582210662595145,1.5964380502700806,"Eclipses occur when one celestial body passes in front of another, blocking the light from the background object. There are two main types of eclipses: solar eclipses and lunar eclipses.

**Solar Ecli",0.48769164085388184,-0.9987199306488037,-0.9228693246841431,0.6132264137268066,0.6396456956863403,-0.9047110080718994,0.37958526611328125,-0.7808442115783691
192,random,1.5123519897460938,0.7073806443418319,0.6391592025756836,assistant,0.5622248504694066,0.636254899128974,1.592624545097351,"Eclipses are a fascinating phenomenon that occurs when the Earth, Moon, and Sun align in a straight line, blocking the Sun's light from reaching the Earth. There are two main types of eclipses: solar ",0.757307767868042,0.3137904405593872,0.9887869358062744,-0.9859919548034668,-0.9626761674880981,0.6761020421981812,0.8878231048583984,0.6126799583435059
193,random,1.54994797706604,0.6953032563808226,0.6583095788955688,assistant,0.5887818797965243,0.6474649050243052,2.2092111110687256,"Eclipses occur when one celestial body passes in front of another, blocking the light from the background object. There are two main types of eclipses: solar eclipses and lunar eclipses.

**Solar Ecli",0.6648298501968384,-0.8422713279724121,0.7238136529922485,-0.9441471099853516,0.22340166568756104,-0.6550347805023193,-0.3971954584121704,0.177068829536438
194,random,1.4005420207977295,0.7480218639931967,0.6571593284606934,assistant,0.5862404968073985,0.6638072297537628,1.9336967468261719,"Eclipses occur when one celestial body passes through the shadow of another. There are two main types of eclipses: solar eclipses and lunar eclipses.

**Solar Eclipses:**

A solar eclipse occurs when ",-0.3931800127029419,-0.15822291374206543,-0.9478243589401245,-0.9428732395172119,0.387363076210022,-0.42327845096588135,-0.6083896160125732,-0.39458227157592773
195,random,1.4807376861572266,0.7181120202065294,0.6581870317459106,assistant,0.57561764607275,0.65063889934173,1.7480679750442505,"Eclipses occur when one celestial body passes in front of another, blocking the light from the background object. There are two main types of eclipses: solar eclipses and lunar eclipses.

**Solar Ecli",-0.8175685405731201,-0.7994002103805542,0.5983723402023315,0.508242130279541,0.13320350646972656,-0.5462596416473389,0.3327009677886963,0.04492521286010742
196,random,1.4807376861572266,0.7181120202065294,0.6435933113098145,assistant,0.5546714593351788,0.6387922636171742,1.8498393297195435,"Eclipses occur when one celestial body passes in front of another, blocking the light from the background object. There are two main types of eclipses: solar eclipses and lunar eclipses.

**Solar Ecli",-0.7146728038787842,0.21518981456756592,0.9105439186096191,-0.9836063385009766,-0.9943921566009521,0.12812495231628418,0.753022313117981,-0.6084897518157959
197,random,1.4149969816207886,0.7423202894635643,0.6617438793182373,assistant,0.590565691163486,0.6648766199817625,1.3620625734329224,"Eclipses occur when one celestial body passes into the shadow of another. There are two main types of eclipses: solar eclipses and lunar eclipses.

**Solar Eclipses:**

A solar eclipse occurs when the",0.2201371192932129,0.7029852867126465,0.30831634998321533,0.21641075611114502,0.9977259635925293,0.6514726877212524,-0.5624270439147949,0.08643651008605957
198,random,1.4005420207977295,0.7480218639931967,0.6627568006515503,assistant,0.5882453856668357,0.666341350103861,1.2938400506973267,"Eclipses occur when one celestial body passes through the shadow of another. There are two main types of eclipses: solar eclipses and lunar eclipses.

**Solar Eclipses:**

A solar eclipse occurs when ",0.5108723640441895,0.8819094896316528,-0.9949328899383545,0.5415053367614746,-0.2903318405151367,-0.9792212247848511,0.22197401523590088,-0.544413685798645
199,random,1.54994797706604,0.6953032563808226,0.6475061774253845,assistant,0.5801864340368245,0.6409986226143439,1.707743525505066,"Eclipses occur when one celestial body passes in front of another, blocking the light from the background object. There are two main types of eclipses: solar eclipses and lunar eclipses.

**Solar Ecli",0.14171218872070312,-0.6492469310760498,-0.7525290250778198,-0.08485102653503418,-0.3359256982803345,0.5848647356033325,0.08621811866760254,0.7805585861206055
